{"cameraMode":{"drawMode":0,"name":"Shaded","section":"Shading Mode"},"sceneLighting":false,"audioPlay":false,"sceneViewState":{"m_AlwaysRefresh":false,"showFog":true,"showSkybox":false,"showFlares":true,"showImageEffects":true,"showParticleSystems":true,"showVisualEffectGraphs":true,"m_FxEnabled":true},"in2DMode":false,"pivot":{"x":435.79998779296877,"y":189.85000610351563,"z":-1.7999999523162842},"rotation":{"x":-0.004373077768832445,"y":0.9955822229385376,"z":-0.06161721423268318,"w":-0.07268808782100678},"size":481.67559814453127,"orthographic":false}